Comment,Replies,Likes,clean_comments,language
Atleast This Guy is Speaking Some real shit.... But in my Country (India) no artist Has this much of Guts to express the problems in our Society.....üáÆüá≥üíî,0,0,Atleast This Guy is Speaking Some real shit.... But in my Country (India) no artist Has this much of Guts to express the problems in our Society.....,en
where's abed? (Community),0,1,where's abed? (Community),en
"please check, this is very beautiful
üëâüëâ https://instagram.com/the_branz_stone?igshid=1dvapipbuqctc",0,0,"please check, this is very beautiful
 https://instagram.com/the_branz_stone?igshid=1dvapipbuqctc",en
Black are mo racist than white tho,0,0,Black are mo racist than white tho,en
Why I don't understand the song ?,0,0,Why I don't understand the song ?,en
Do not be deceived by demon time anthems & antics. The torture & torment they inflict on themselves is a real terror they do not enjoy. Nevertheless these individuals have obviously/knowingly sold/enslaved their souls to satan/the prince of the air/the fallen one for temporary fame/fortune on earth with damnable intentions of spending eternity with the great dragon in the most flaming hot fire for eternity.....,0,0,Do not be deceived by demon time anthems & antics. The torture & torment they inflict on themselves is a real terror they do not enjoy. Nevertheless these individuals have obviously/knowingly sold/enslaved their souls to satan/the prince of the air/the fallen one for temporary fame/fortune on earth with damnable intentions of spending eternity with the great dragon in the most flaming hot fire for eternity.....,en
Should have been Donald Trump's theme song on his way out 100%,0,0,Should have been Donald Trump's theme song on his way out 100%,en
He's      crazy,0,0,He's      crazy,en
"If you're reading this,






you can read.",0,0,"If you're reading this,






you can read.",en
Every time I see Donald shirtless in community my mind instantly goes to this song,0,0,Every time I see Donald shirtless in community my mind instantly goes to this song,en
This song is so relevent these days. #BLM,0,0,This song is so relevent these days. #BLM,en
what a shit,0,0,what a shit,en
"he made this song 2 years ago for fun




right now: FUCK HE RIGHT",0,0,"he made this song 2 years ago for fun




right now: FUCK HE RIGHT",en
"And BBC Heard This Is "" INDIA """,0,1,"And BBC Heard This Is "" INDIA """,en
Meanwhile BCC : I didn't See This,0,1,Meanwhile BCC : I didn't See This,en
"Video- exist

Comments- *this is America*",0,0,"Video- exist

Comments- *this is America*",en
Remember when this came out and everyone was shook and now it‚Äôs just normal lmao,0,2,Remember when this came out and everyone was shook and now it‚Äôs just normal lmao,en
This song is actually a masterpiece. Art is the best way to convey message,0,2,This song is actually a masterpiece. Art is the best way to convey message,en
I just realized that young thug and 21 savage were in the song lol,0,0,I just realized that young thug and 21 savage were in the song lol,en
I wonder if the boys back in the Derrick comedy days expected this...,0,0,I wonder if the boys back in the Derrick comedy days expected this...,en
Prays for Per√∫ please #GOOUTMERINOCTMR üôèüôè,0,0,Prays for Per√∫ please #GOOUTMERINOCTMR ,en
You must first take responsibility for yourselves then you can demand responsibility from everyone else.,0,0,You must first take responsibility for yourselves then you can demand responsibility from everyone else.,en
Make america a great place again,0,1,Make america a great place again,en
Love it,0,0,Love it,en
This many dislikes is proof that this is america,0,0,This many dislikes is proof that this is america,en
"In America 
This song works whenever",0,0,"In America 
This song works whenever",en
This man is so under rated !,0,1,This man is so under rated !,en
"This is niggah be lookin like mae daddy 
‚úäüèø‚úäüèø‚úäüèø I can't breathe 
No justice no peace 
Justice for Trayvon 
Say his name 
Black lives matter",0,1,"This is niggah be lookin like mae daddy 
 I can't breathe 
No justice no peace 
Justice for Trayvon 
Say his name 
Black lives matter",en
This Is Lando,0,0,This Is Lando,en
Who unlike this video are trumpies‚ò∫Ô∏è,0,0,Who unlike this video are trumpies,en
When he shot the choir it gave me a jumpscare lol,0,1,When he shot the choir it gave me a jumpscare lol,en
This is Karen's theme song.,0,1,This is Karen's theme song.,en
"Grandpa what music videos did you have when you‚Äôre we‚Äôre  young 

Me: Sit down grandchild I‚Äôm gonna show you something great",0,2,"Grandpa what music videos did you have when you‚Äôre we‚Äôre  young 

Me: Sit down grandchild I‚Äôm gonna show you something great",en
"Oh wow, this MV never getting out huh?",0,1,"Oh wow, this MV never getting out huh?",en
This song hits different now....,0,2,This song hits different now....,en
2 years later and america is still the same... ThIs Is A fReE cOuNtRy,0,29,2 years later and america is still the same... ThIs Is A fReE cOuNtRy,en
This song predicted the Black Lives Matter protests.,0,3,This song predicted the Black Lives Matter protests.,en
did they predict the black lives matter?,0,0,did they predict the black lives matter?,en
White America,0,1,White America,en
"Fun fact : every comment that includes the phrase ""this is America"" has 10k likes",0,0,"Fun fact : every comment that includes the phrase ""this is America"" has 10k likes",en
"Yeah, yeah, yeah, yeah, yeah
Yeah, yeah, yeah, go, go away
Yeah, yeah, yeah, yeah, yeah
Yeah, yeah, yeah, go, go away
Yeah, yeah, yeah, yeah, yeah
Yeah, yeah, yeah, go, go away
Yeah, yeah, yeah, yeah, yeah
Yeah, yeah, yeah, go, go away

We just wanna party
Party just for you
We just want the money
Money just for you
I know you wanna party (yeah)
Party just for free
Girl, you got me dancin' (girl, you got me dancin')
Dance and shake the frame
We just wanna party (yeah)
Party just for you (yeah)
We just want the money (yeah)
Money just for you (ooh)
I know you wanna party (yeah)
Party just for free (yeah)
Girl, you got me dancin' (girl, you got me dancin')
Dance and shake the frame (ooh)

This is America
Don't catch you slippin' now
Don't catch you slippin' now
Look what I'm whippin' now
This is America (woo)
Don't catch you slippin' now
Don't catch you slippin' now
Look what I'm whippin' now

This is America (skrrt, skrrt, woo)
Don't catch you slippin' now (ayy)
Look at how I'm livin' now
Police be trippin' now (woo)
Yeah, this is America (woo, ayy)
Guns in my area (word, my area)
I got the strap (ayy, ayy)
I gotta carry 'em
Yeah, yeah, I'ma go into this (ugh)
Yeah, yeah, this is guerilla, woo
Yeah, yeah, I'ma go get the bag
Yeah, yeah, or I'ma get the pad
Yeah, yeah, I'm so cold like yeah (yeah)
I'm so dope like yeah (woo)
We gon' blow like yeah (straight up, uh)

Ooh-ooh-ooh-ooh-ooh, tell somebody
You go tell somebody
Grandma told me
Get your money, black man (get your money)
Get your money, black man (get your money)
Get your money, black man (get your, black man)
Get your money, black man (get your, black man)
Black man

This is America (woo, ayy)
Don't catch you slippin' now (woo, woo, don't catch you slippin', now)
Don't catch you slippin' now (ayy, woah)
Look what I'm whippin' now (Slime!)
This is America (yeah, yeah)
Don't catch you slippin' now (woah, ayy)
Don't catch you slippin' now (ayy, woo)
Look what I'm whippin' now (ayy)

Look how I'm geekin' out (hey)
I'm so fitted (I'm so fitted, woo)
I'm on Gucci (I'm on Gucci)
I'm so pretty (yeah, yeah)
I'm gon' get it (ayy, I'm gon' get it)
Watch me move (blaow)
This a celly (ha)
That's a tool (yeah)
On my Kodak (woo, Black)
Ooh, know that (yeah, know that, hold on)
Get it (get it, get it)
Ooh, work it (21)
Hunnid bands, hunnid bands, hunnid bands (hunnid bands)
Contraband, contraband, contraband (contraband)
I got the plug on Oaxaca (woah)
They gonna find you like blocka (blaow)

Ooh-ooh-ooh-ooh-ooh, tell somebody
(America, I just checked my following list and)
You go tell somebody
(You mothafuckas owe me)
Grandma told me
Get your money, black man (black man)
Get your money, black man (black man)
Get your money, black man (black man)
Get your money, black man (black man)
Black man (one, two, three, get down)

Ooh-ooh-ooh-ooh-ooh, tell somebody
You go tell somebody
Grandma told me, ""Get your money, "" black man
Get your money, black man (black man)
Get your money, black man (black man)
Get your money, black man (black man)
Black man

You just a black man in this world
You just a barcode, ayy
You just a black man in this world
Drivin' expensive foreigns, ayy
You just a big dawg, yeah
I kenneled him in the backyard
No proper life to a dog
For a big dog

Thank me laterü§ó",0,0,"Yeah, yeah, yeah, yeah, yeah
Yeah, yeah, yeah, go, go away
Yeah, yeah, yeah, yeah, yeah
Yeah, yeah, yeah, go, go away
Yeah, yeah, yeah, yeah, yeah
Yeah, yeah, yeah, go, go away
Yeah, yeah, yeah, yeah, yeah
Yeah, yeah, yeah, go, go away

We just wanna party
Party just for you
We just want the money
Money just for you
I know you wanna party (yeah)
Party just for free
Girl, you got me dancin' (girl, you got me dancin')
Dance and shake the frame
We just wanna party (yeah)
Party just for you (yeah)
We just want the money (yeah)
Money just for you (ooh)
I know you wanna party (yeah)
Party just for free (yeah)
Girl, you got me dancin' (girl, you got me dancin')
Dance and shake the frame (ooh)

This is America
Don't catch you slippin' now
Don't catch you slippin' now
Look what I'm whippin' now
This is America (woo)
Don't catch you slippin' now
Don't catch you slippin' now
Look what I'm whippin' now

This is America (skrrt, skrrt, woo)
Don't catch you slippin' now (ayy)
Look at how I'm livin' now
Police be trippin' now (woo)
Yeah, this is America (woo, ayy)
Guns in my area (word, my area)
I got the strap (ayy, ayy)
I gotta carry 'em
Yeah, yeah, I'ma go into this (ugh)
Yeah, yeah, this is guerilla, woo
Yeah, yeah, I'ma go get the bag
Yeah, yeah, or I'ma get the pad
Yeah, yeah, I'm so cold like yeah (yeah)
I'm so dope like yeah (woo)
We gon' blow like yeah (straight up, uh)

Ooh-ooh-ooh-ooh-ooh, tell somebody
You go tell somebody
Grandma told me
Get your money, black man (get your money)
Get your money, black man (get your money)
Get your money, black man (get your, black man)
Get your money, black man (get your, black man)
Black man

This is America (woo, ayy)
Don't catch you slippin' now (woo, woo, don't catch you slippin', now)
Don't catch you slippin' now (ayy, woah)
Look what I'm whippin' now (Slime!)
This is America (yeah, yeah)
Don't catch you slippin' now (woah, ayy)
Don't catch you slippin' now (ayy, woo)
Look what I'm whippin' now (ayy)

Look how I'm geekin' out (hey)
I'm so fitted (I'm so fitted, woo)
I'm on Gucci (I'm on Gucci)
I'm so pretty (yeah, yeah)
I'm gon' get it (ayy, I'm gon' get it)
Watch me move (blaow)
This a celly (ha)
That's a tool (yeah)
On my Kodak (woo, Black)
Ooh, know that (yeah, know that, hold on)
Get it (get it, get it)
Ooh, work it (21)
Hunnid bands, hunnid bands, hunnid bands (hunnid bands)
Contraband, contraband, contraband (contraband)
I got the plug on Oaxaca (woah)
They gonna find you like blocka (blaow)

Ooh-ooh-ooh-ooh-ooh, tell somebody
(America, I just checked my following list and)
You go tell somebody
(You mothafuckas owe me)
Grandma told me
Get your money, black man (black man)
Get your money, black man (black man)
Get your money, black man (black man)
Get your money, black man (black man)
Black man (one, two, three, get down)

Ooh-ooh-ooh-ooh-ooh, tell somebody
You go tell somebody
Grandma told me, ""Get your money, "" black man
Get your money, black man (black man)
Get your money, black man (black man)
Get your money, black man (black man)
Black man

You just a black man in this world
You just a barcode, ayy
You just a black man in this world
Drivin' expensive foreigns, ayy
You just a big dawg, yeah
I kenneled him in the backyard
No proper life to a dog
For a big dog

Thank me later",en
Imagine the guy singing is Cory,0,1,Imagine the guy singing is Cory,en
this is what troy has been up to since he left college,0,1,this is what troy has been up to since he left college,en
Donald will be the president to lead us . 2040,0,0,Donald will be the president to lead us . 2040,en
I think this song predicted the BLM protests.,1,1,I think this song predicted the BLM protests.,en
Gambino:this is America  Pakistan in 2020: this is Pakistan 2,0,0,Gambino:this is America  Pakistan in 2020: this is Pakistan 2,en
His dances looks like something CoryxKenshin would do lol,0,0,His dances looks like something CoryxKenshin would do lol,en
HELLO FROM SPIDER MAN,0,0,HELLO FROM SPIDER MAN,en
No premium Ads for you! You Black Bigot.,0,0,No premium Ads for you! You Black Bigot.,en
Race song,0,0,Race song,en
"Reported for Abusing the ""Community Guidelines"", But I like the melody.üíô",0,0,"Reported for Abusing the ""Community Guidelines"", But I like the melody.",en
1:50 the quiet kid at music class,0,0,1:50 the quiet kid at music class,en
America must be a nice placeü•∞,0,0,America must be a nice place,en
Marshall Lee,0,0,Marshall Lee,en
"Okay. Americans, so this IS america?",0,0,"Okay. Americans, so this IS america?",en
Feminine moves.. yuck!!ü§¢ü§Æü§Æ,0,0,Feminine moves.. yuck!!,en
Damn America. Almost 1 billion veiws,0,0,Damn America. Almost 1 billion veiws,en
America sucks,0,1,America sucks,en
This the realest song I have seen or heard,0,0,This the realest song I have seen or heard,en
"3:08
This may be one of THE BEST drops I've EVER. EVER. Heard in a song.",0,0,"3:08
This may be one of THE BEST drops I've EVER. EVER. Heard in a song.",en
How many people,0,0,How many people,en
"*I've loved Glover since his role on Community.. he's one of the most in depth actors I've ever seen..he's incredibly talented! Much more talented than about 98% of actors, seriously..I'm not surprised he was able to put together something so brilliantly executed, dripping of meaning..not surprised but totally proud!! As long as there are truth tellers out there, there will always be truth to find* üíúüíúüíú",0,0,"*I've loved Glover since his role on Community.. he's one of the most in depth actors I've ever seen..he's incredibly talented! Much more talented than about 98% of actors, seriously..I'm not surprised he was able to put together something so brilliantly executed, dripping of meaning..not surprised but totally proud!! As long as there are truth tellers out there, there will always be truth to find* ",en
"As someone that lives in America, this is very true",0,2,"As someone that lives in America, this is very true",en
This film only has 6 shots. So does a revolver.,0,2,This film only has 6 shots. So does a revolver.,en
*This is America*,0,0,*This is America*,en
Absolutely that is america.,0,0,Absolutely that is america.,en
It‚Äôs just black people,0,0,It‚Äôs just black people,en
"this song has such a diferent feel now, holly shit",0,2,"this song has such a diferent feel now, holly shit",en
This country definitely has a bad track record of shit training of police and hiring psychopaths / racists.  It‚Äôs a big enough problem that should be covered in the news more. Just like police murdering their girlfriends and wives and never being held accountable for it because their buddies are cops. Many police departments operate like gangs. They cover up each other‚Äôs crimes and have too many protections. Politicians and police should be held accountable for their actions like everyone else.  They should also not have military weapons  to attack their own people with. And they shouldn‚Äôt use shooting as a preferred method of ‚Äúarrest‚Äù,1,2,This country definitely has a bad track record of shit training of police and hiring psychopaths / racists.  It‚Äôs a big enough problem that should be covered in the news more. Just like police murdering their girlfriends and wives and never being held accountable for it because their buddies are cops. Many police departments operate like gangs. They cover up each other‚Äôs crimes and have too many protections. Politicians and police should be held accountable for their actions like everyone else.  They should also not have military weapons  to attack their own people with. And they shouldn‚Äôt use shooting as a preferred method of ‚Äúarrest‚Äù,en
"More like This is Africa lol
(this is a joke)",0,0,"More like This is Africa lol
(this is a joke)",en
This hits different in 2020,0,0,This hits different in 2020,en
This video is before it's time,0,0,This video is before it's time,en
Let's get this to a 1b views,0,0,Let's get this to a 1b views,en
This came video out Came out on my birthday,0,0,This came video out Came out on my birthday,en
THIS IS BRAZIL,0,0,THIS IS BRAZIL,en
everybody gangsta till the parking lot becomes a gta server,0,0,everybody gangsta till the parking lot becomes a gta server,en
Not anymore.,0,0,Not anymore.,en
2:28. How did he know about wearing masks?,0,1,2:28. How did he know about wearing masks?,en
Anybody pay attention to the police giving dilan rooth the ak? It's real,0,0,Anybody pay attention to the police giving dilan rooth the ak? It's real,en
"Petition for Donald Glover to become the next Black Pantherüëà








May Chadwick Boseman forever RIP",0,0,"Petition for Donald Glover to become the next Black Panther








May Chadwick Boseman forever RIP",en
Sad but true,0,0,Sad but true,en
What is that man,0,0,What is that man,en
This song hits different now in 2020. Its wild!,0,1,This song hits different now in 2020. Its wild!,en
0:58 when you get the oreos,0,0,0:58 when you get the oreos,en
"""Get Silly""",0,0,"""Get Silly""",en
"I swear I heard Bloccboy, 21, Quavo and Thugger adlibs",0,0,"I swear I heard Bloccboy, 21, Quavo and Thugger adlibs",en
You forgot your mask Donald!,0,0,You forgot your mask Donald!,en
2 years ago i was like wtf is this but now.... i understand,0,2,2 years ago i was like wtf is this but now.... i understand,en
"I feel ashamed of myself





I found this song on tiktok",0,0,"I feel ashamed of myself





I found this song on tiktok",en
nobody notice that he went to the ground 3 sec before the bullet was launced in this dude head,0,0,nobody notice that he went to the ground 3 sec before the bullet was launced in this dude head,en
Absolute masterpiece. This is one of the best music videos ever created.,1,0,Absolute masterpiece. This is one of the best music videos ever created.,en
"So, if you don't wear white t-shirt and jeans never dance or sing with him or you'll die",0,0,"So, if you don't wear white t-shirt and jeans never dance or sing with him or you'll die",en
yall this man freaking defined 2020,0,0,yall this man freaking defined 2020,en
Why does the guy who said this is America use an AK47 it‚Äôs a Soviet weapon,0,3,Why does the guy who said this is America use an AK47 it‚Äôs a Soviet weapon,en
Only thing he forgot to add is how Amerikkka standards of beauty got the black man loving every race BUT the black woman.,0,0,Only thing he forgot to add is how Amerikkka standards of beauty got the black man loving every race BUT the black woman.,en
2020 ü§¶üèæ‚Äç‚ôÇÔ∏èüö∂üèæ‚Äç‚ôÇÔ∏è‚ò†üòà you new this will happen,0,0,2020  you new this will happen,en
Hope they still play this to any prospective immigrant,0,1,Hope they still play this to any prospective immigrant,en
you can already tell this mans a phsychopath when he pretended to hold a gun and they ran lol XD,0,1,you can already tell this mans a phsychopath when he pretended to hold a gun and they ran lol XD,en
its all fun and games till he pulls out an ak on a bunch of kids vibin XD,0,1,its all fun and games till he pulls out an ak on a bunch of kids vibin XD,en
is this boy from community or?,0,2,is this boy from community or?,en
So true. What BLM are doing is sick. This is America,0,1,So true. What BLM are doing is sick. This is America,en
Was that SZA on 3:21?,0,2,Was that SZA on 3:21?,en
"This is america, so call me maybe",0,3,"This is america, so call me maybe",en
It was good but FlyingKittys was better,0,1,It was good but FlyingKittys was better,en
This is cool üòähttps://youtu.be/kQwNZY3CKk0,0,1,This is cool https://youtu.be/kQwNZY3CKk0,en
Well I‚Äôll be here 2021,0,1,Well I‚Äôll be here 2021,en
"Please like. We're trying to get the views to 1m. Thanks! 
https://youtu.be/Q066tDr8AbY",0,0,"Please like. We're trying to get the views to 1m. Thanks! 
https://youtu.be/Q066tDr8AbY",en
The guy of the beginning: _GAMEMODE 1_,0,1,The guy of the beginning: _GAMEMODE 1_,en
"Now i‚Äôm surprised, how could there be 700.000 people disliking this masterpiece?",0,0,"Now i‚Äôm surprised, how could there be 700.000 people disliking this masterpiece?",en
I love everything about this,0,0,I love everything about this,en
-how the weather in America :         just see here..,0,0,-how the weather in America :         just see here..,en
For the ppl viewing this: The message behind the song is the problem of BLACK on BLACK violence in America.,2,1,For the ppl viewing this: The message behind the song is the problem of BLACK on BLACK violence in America.,en
plis help for my chanel plis help my madafaka https://www.youtube.com/channel/UCRoIb9YOAJvqXTjo9_xwQ7w?sub_confirmation=1,0,0,plis help for my chanel plis help my madafaka https://www.youtube.com/channel/UCRoIb9YOAJvqXTjo9_xwQ7w?sub_confirmation=1,en
"No joke this is one of the greatest music videos of all time.

It's a genuinely terrifying song. Like it's one of those songs you feel guilty for bopping your head to. I'm not American but some of my friends are and I can't imagine how frightening it must be to live there right now.

What makes me sad is the fact that if America doesn't get it's act together...this song will always be relevant.",19,5,"No joke this is one of the greatest music videos of all time.

It's a genuinely terrifying song. Like it's one of those songs you feel guilty for bopping your head to. I'm not American but some of my friends are and I can't imagine how frightening it must be to live there right now.

What makes me sad is the fact that if America doesn't get it's act together...this song will always be relevant.",en
i dont know if i want to be an actor for this guy..,0,1,i dont know if i want to be an actor for this guy..,en
"Nobody:

The quiet kid when he comes to school with a duffel bag",0,2,"Nobody:

The quiet kid when he comes to school with a duffel bag",en
This is south africa  unfortunately,1,1,This is south africa  unfortunately,en
I don't know but this kinda offensive to America I think now people will avoid goin to America because of this,3,1,I don't know but this kinda offensive to America I think now people will avoid goin to America because of this,en
This music video predict 2020,0,1,This music video predict 2020,en
Why did I find ‚Äúthis is Nigeria‚Äù first before this? üòÇ,0,2,Why did I find ‚Äúthis is Nigeria‚Äù first before this? ,en
"This is America:

Yeah, yeah, yeah, yeah, yeah

Yeah, yeah, yeah, go, go away
Yeah, yeah, yeah, yeah, yeah
Yeah, yeah, yeah, go, go away
Yeah, yeah, yeah, yeah, yeah
Yeah, yeah, yeah, go, go away
Yeah, yeah, yeah, yeah, yeah
Yeah, yeah, yeah, go, go away
We just wanna party
Party just for you
We just want the money
Money just for you
I know you wanna party (yeah)
Party just for free
Girl, you got me dancin' (girl, you got me dancin')
Dance and shake the frame
We just wanna party (yeah)
Party just for you (yeah)
We just want the money (yeah)
Money just for you (ooh)
I know you wanna party (yeah)
Party just for free (yeah)
Girl, you got me dancin' (girl, you got me dancin')
Dance and shake the frame (ooh)
This is America
Don't catch you slippin' now
Don't catch you slippin' now
Look what I'm whippin' now
This is America (woo)
Don't catch you slippin' now
Don't catch you slippin' now
Look what I'm whippin' now
This is America (skrrt, skrrt, woo)
Don't catch you slippin' now (ayy)
Look at how I'm livin' now
Police be trippin' now (woo)
Yeah, this is America (woo, ayy)
Guns in my area (word, my area)
I got the strap (ayy, ayy)
I gotta carry 'em
Yeah, yeah, I'ma go into this (ugh)
Yeah, yeah, this is guerilla, woo
Yeah, yeah, I'ma go get the bag
Yeah, yeah, or I'ma get the pad
Yeah, yeah, I'm so cold like yeah (yeah)
I'm so dope like yeah (woo)
We gon' blow like yeah (straight up, uh)
Ooh-ooh-ooh-ooh-ooh, tell somebody
You go tell somebody
Grandma told me
Get your money, black man (get your money)
Get your money, black man (get your money)
Get your money, black man (get your, black man)
Get your money, black man (get your, black man)
Black man
This is America (woo, ayy)
Don't catch you slippin' now (woo, woo, don't catch you slippin', now)
Don't catch you slippin' now (ayy, woah)
Look what I'm whippin' now (Slime!)
This is America (yeah, yeah)
Don't catch you slippin' now (woah, ayy)
Don't catch you slippin' now (ayy, woo)
Look what I'm whippin' now (ayy)
Look how I'm geekin' out (hey)
I'm so fitted (I'm so fitted, woo)
I'm on Gucci (I'm on Gucci)
I'm so pretty (yeah, yeah)
I'm gon' get it (ayy, I'm gon' get it)
Watch me move (blaow)
This a celly (ha)
That's a tool (yeah)
On my Kodak (woo, Black)
Ooh, know that (yeah, know that, hold on)
Get it (get it, get it)
Ooh, work it (21)
Hunnid bands, hunnid bands, hunnid bands (hunnid bands)
Contraband, contraband, contraband (contraband)
I got the plug on Oaxaca (woah)
They gonna find you like blocka (blaow)
Ooh-ooh-ooh-ooh-ooh, tell somebody
(America, I just checked my following list and)
You go tell somebody
(You mothafuckas owe me)
Grandma told me
Get your money, black man (black man)
Get your money, black man (black man)
Get your money, black man (black man)
Get your money, black man (black man)
Black man (one, two, three, get down)
Ooh-ooh-ooh-ooh-ooh, tell somebody
You go tell somebody
Grandma told me, ""Get your money, "" black man
Get your money, black man (black man)
Get your money, black man (black man)
Get your money, black man (black man)
Black man
You just a black man in this world
You just a barcode, ayy
You just a black man in this world
Drivin' expensive foreigns, ayy
You just a big dawg, yeah
I kenneled him in the backyard
No proper life to a dog
For a big dog",0,2,"This is America:

Yeah, yeah, yeah, yeah, yeah

Yeah, yeah, yeah, go, go away
Yeah, yeah, yeah, yeah, yeah
Yeah, yeah, yeah, go, go away
Yeah, yeah, yeah, yeah, yeah
Yeah, yeah, yeah, go, go away
Yeah, yeah, yeah, yeah, yeah
Yeah, yeah, yeah, go, go away
We just wanna party
Party just for you
We just want the money
Money just for you
I know you wanna party (yeah)
Party just for free
Girl, you got me dancin' (girl, you got me dancin')
Dance and shake the frame
We just wanna party (yeah)
Party just for you (yeah)
We just want the money (yeah)
Money just for you (ooh)
I know you wanna party (yeah)
Party just for free (yeah)
Girl, you got me dancin' (girl, you got me dancin')
Dance and shake the frame (ooh)
This is America
Don't catch you slippin' now
Don't catch you slippin' now
Look what I'm whippin' now
This is America (woo)
Don't catch you slippin' now
Don't catch you slippin' now
Look what I'm whippin' now
This is America (skrrt, skrrt, woo)
Don't catch you slippin' now (ayy)
Look at how I'm livin' now
Police be trippin' now (woo)
Yeah, this is America (woo, ayy)
Guns in my area (word, my area)
I got the strap (ayy, ayy)
I gotta carry 'em
Yeah, yeah, I'ma go into this (ugh)
Yeah, yeah, this is guerilla, woo
Yeah, yeah, I'ma go get the bag
Yeah, yeah, or I'ma get the pad
Yeah, yeah, I'm so cold like yeah (yeah)
I'm so dope like yeah (woo)
We gon' blow like yeah (straight up, uh)
Ooh-ooh-ooh-ooh-ooh, tell somebody
You go tell somebody
Grandma told me
Get your money, black man (get your money)
Get your money, black man (get your money)
Get your money, black man (get your, black man)
Get your money, black man (get your, black man)
Black man
This is America (woo, ayy)
Don't catch you slippin' now (woo, woo, don't catch you slippin', now)
Don't catch you slippin' now (ayy, woah)
Look what I'm whippin' now (Slime!)
This is America (yeah, yeah)
Don't catch you slippin' now (woah, ayy)
Don't catch you slippin' now (ayy, woo)
Look what I'm whippin' now (ayy)
Look how I'm geekin' out (hey)
I'm so fitted (I'm so fitted, woo)
I'm on Gucci (I'm on Gucci)
I'm so pretty (yeah, yeah)
I'm gon' get it (ayy, I'm gon' get it)
Watch me move (blaow)
This a celly (ha)
That's a tool (yeah)
On my Kodak (woo, Black)
Ooh, know that (yeah, know that, hold on)
Get it (get it, get it)
Ooh, work it (21)
Hunnid bands, hunnid bands, hunnid bands (hunnid bands)
Contraband, contraband, contraband (contraband)
I got the plug on Oaxaca (woah)
They gonna find you like blocka (blaow)
Ooh-ooh-ooh-ooh-ooh, tell somebody
(America, I just checked my following list and)
You go tell somebody
(You mothafuckas owe me)
Grandma told me
Get your money, black man (black man)
Get your money, black man (black man)
Get your money, black man (black man)
Get your money, black man (black man)
Black man (one, two, three, get down)
Ooh-ooh-ooh-ooh-ooh, tell somebody
You go tell somebody
Grandma told me, ""Get your money, "" black man
Get your money, black man (black man)
Get your money, black man (black man)
Get your money, black man (black man)
Black man
You just a black man in this world
You just a barcode, ayy
You just a black man in this world
Drivin' expensive foreigns, ayy
You just a big dawg, yeah
I kenneled him in the backyard
No proper life to a dog
For a big dog",en
"I don't know why, united states pleople believe that ""America"" is only  united states...
Guys, ""America"" is a continet, Northamerica y Southmerica are NOT two different continent OMG! What did you learnd in your schools?? 

If you don't believe me, pleaseee search in Google and learnd truthful things... 
Thank you for the attencion...",19,2,"I don't know why, united states pleople believe that ""America"" is only  united states...
Guys, ""America"" is a continet, Northamerica y Southmerica are NOT two different continent OMG! What did you learnd in your schools?? 

If you don't believe me, pleaseee search in Google and learnd truthful things... 
Thank you for the attencion...",en
He's t voice actor of elder simba,0,0,He's t voice actor of elder simba,en
"A wonderfully orchestrated example of dance, talent, political exposure and music.",0,0,"A wonderfully orchestrated example of dance, talent, political exposure and music.",en
This video is so powerful.,0,0,This video is so powerful.,en
"I don't know why, united states pleople believe that ""America"" is only  united states...
Guys, ""America"" is a continet, Nortamerica y Sudamerica are NOT two different continent OMG! What did you learnd in your schools?? 

If you don't believe me, pleaseee search in Google and learnd truthful things... 
Thank you for the attencion...",0,0,"I don't know why, united states pleople believe that ""America"" is only  united states...
Guys, ""America"" is a continet, Nortamerica y Sudamerica are NOT two different continent OMG! What did you learnd in your schools?? 

If you don't believe me, pleaseee search in Google and learnd truthful things... 
Thank you for the attencion...",en
""" _State legalizing Cocaine_ ""


*This is America*",0,10,""" _State legalizing Cocaine_ ""


*This is America*",en
Why was I scared while watching this,0,0,Why was I scared while watching this,en
I like this America don't quit sleeping now cuz me and my friend used to listen to it me and my üòçüòçüòçüòç,0,0,I like this America don't quit sleeping now cuz me and my friend used to listen to it me and my ,en
After election just gotta sing this song,0,0,After election just gotta sing this song,en
Things only Americans would understand,0,0,Things only Americans would understand,en
"""Black Man get your money""üëåüèøüëåüèø",0,3,"""Black Man get your money""",en
1:55 That's a damn Ghost Gun!,0,1,1:55 That's a damn Ghost Gun!,en
This is a masterpiece....it blows my mind,2,0,This is a masterpiece....it blows my mind,en
I want this kind of energy in my life,0,0,I want this kind of energy in my life,en
This has to be the most eclectic music video I‚Äôve ever seen and it‚Äôs actually understandable.. nicely done,0,0,This has to be the most eclectic music video I‚Äôve ever seen and it‚Äôs actually understandable.. nicely done,en
"This really hits differently in 2020, hey?! üòì",0,0,"This really hits differently in 2020, hey?! ",en
This is not America First anymore. With Biden and Kamala. XD,0,0,This is not America First anymore. With Biden and Kamala. XD,en
"This video is about:violence,racism,corruption,distraction to violence,disturbance of peace,school shootings,17 seconds of silence means the parkland shooting and the 17 victims and 100% portrait of America",0,0,"This video is about:violence,racism,corruption,distraction to violence,disturbance of peace,school shootings,17 seconds of silence means the parkland shooting and the 17 victims and 100% portrait of America",en
This is latinoam√©rica,0,1,This is latinoam√©rica,en
Look under this is the number of people listening to this after the orange losed the election,0,2,Look under this is the number of people listening to this after the orange losed the election,en
2 years after,0,1,2 years after,en
1:56 he got aimbot.,0,0,1:56 he got aimbot.,en
Just some black guy killing another black guy and dancing about it,0,0,Just some black guy killing another black guy and dancing about it,en
"me speaks Spanish
Karen: This is America",0,0,"me speaks Spanish
Karen: This is America",en
"Damn 3 bullets and he killed that whole choir. 

#ChildishWick",0,1,"Damn 3 bullets and he killed that whole choir. 

#ChildishWick",en
Who's watching in 2020?,0,2,Who's watching in 2020?,en
Childish Gambino is that weird uncle on the reunion that spits out some truth,0,8,Childish Gambino is that weird uncle on the reunion that spits out some truth,en
Video of the decade,0,1,Video of the decade,en
the director is  Japanese but THIS IS AMERICA,0,10,the director is  Japanese but THIS IS AMERICA,en
0:52 when someone  sits in your chair but you are dangerous,0,2,0:52 when someone  sits in your chair but you are dangerous,en
"ok this comment is a bit serious so if u dont want to get mad or smthing dont read it








as a european idk why ppl act like everyone in the us is a killer, guns in the us save more ppl than they kill and europe is full of knife kills and shit",0,1,"ok this comment is a bit serious so if u dont want to get mad or smthing dont read it








as a european idk why ppl act like everyone in the us is a killer, guns in the us save more ppl than they kill and europe is full of knife kills and shit",en
It is people geting fuckin killed,0,0,It is people geting fuckin killed,en
"Are we close to seeing KD & Harden in the same jersey again?

‚ñ∂Ô∏è: https://youtu.be/J8Tk0rQxli4",0,0,"Are we close to seeing KD & Harden in the same jersey again?

: https://youtu.be/J8Tk0rQxli4",en
